customer_id,age,gender,location,monthly_visits,time_on_site,clicked_ads,purchases,ad_spend,ctr,conversion_rate,roi
1,56,Female,Mumbai,30,2.95,18,5,3912,0.6,0.2777777777777778,-0.3609406952965235
2,46,Male,Chennai,30,2.41,12,1,1567,0.4,0.08333333333333333,-0.6809189534141672
3,32,Female,Hyderabad,17,4.58,13,2,8389,0.7647058823529411,0.15384615384615385,-0.8807962808439623
4,60,Male,Hyderabad,23,11.17,9,5,9213,0.391304347826087,0.5555555555555556,-0.72864430695756
5,25,Female,Bangalore,15,9.3,10,4,654,0.6666666666666666,0.4,2.058103975535168
6,38,Female,Chennai,37,2.43,1,7,2972,0.02702702702702703,7.0,0.17765814266487215
7,56,Female,Mumbai,21,13.86,8,7,3926,0.38095238095238093,0.875,-0.10850738665308202
8,36,Female,Delhi,14,12.06,16,0,7432,1.1428571428571428,0.0,-1.0
9,40,Female,Delhi,2,1.32,2,2,5006,1.0,1.0,-0.8002397123451858
10,28,Male,Mumbai,11,10.12,5,2,2390,0.45454545454545453,0.4,-0.5815899581589958
11,28,Male,Pune,39,11.8,4,3,9308,0.10256410256410256,0.75,-0.8388483025354534
12,41,Male,Bangalore,38,6.24,4,1,3075,0.10526315789473684,0.25,-0.8373983739837398
13,53,Female,Delhi,34,1.96,14,2,5792,0.4117647058823529,0.14285714285714285,-0.8273480662983426
14,57,Male,Chennai,38,2.08,16,2,1640,0.42105263157894735,0.125,-0.3902439024390244
15,41,Female,Bangalore,34,2.46,8,4,9127,0.23529411764705882,0.5,-0.7808699463131369
16,20,Female,Chennai,18,12.77,2,4,6259,0.1111111111111111,2.0,-0.680460137402141
17,39,Male,Hyderabad,30,13.75,19,5,7210,0.6333333333333333,0.2631578947368421,-0.6532593619972261
18,19,Male,Bangalore,15,2.72,16,6,7317,1.0666666666666667,0.375,-0.5899958999589996
19,41,Female,Delhi,27,4.3,9,6,9353,0.3333333333333333,0.6666666666666666,-0.6792473003314444
20,61,Male,Bangalore,34,3.32,2,0,3189,0.058823529411764705,0.0,-1.0
21,47,Female,Bangalore,38,3.61,17,6,9418,0.4473684210526316,0.35294117647058826,-0.6814610320662561
22,55,Female,Bangalore,33,12.72,17,3,6428,0.5151515151515151,0.17647058823529413,-0.7666459240821406
23,19,Female,Pune,24,5.65,16,0,6671,0.6666666666666666,0.0,-1.0
24,38,Female,Bangalore,15,5.36,2,5,3063,0.13333333333333333,2.5,-0.18380672543258245
25,50,Female,Chennai,30,4.18,2,4,1377,0.06666666666666667,2.0,0.4524328249818446
26,29,Male,Hyderabad,17,9.51,5,6,4960,0.29411764705882354,1.2,-0.3951612903225806
27,39,Male,Mumbai,5,6.31,12,1,211,2.4,0.08333333333333333,1.3696682464454977
28,61,Female,Bangalore,29,11.42,14,4,5452,0.4827586206896552,0.2857142857142857,-0.6331621423330888
29,42,Female,Delhi,4,3.88,8,7,4599,2.0,0.875,-0.2389649923896499
30,44,Male,Bangalore,10,12.03,3,3,8434,0.3,1.0,-0.8221484467631017
31,59,Male,Delhi,17,9.45,13,4,9335,0.7647058823529411,0.3076923076923077,-0.7857525441885378
32,45,Female,Chennai,10,2.6,4,3,5645,0.4,0.75,-0.7342781222320638
33,33,Male,Delhi,17,6.8,1,3,6770,0.058823529411764705,3.0,-0.7784342688330872
34,32,Female,Mumbai,20,13.09,10,3,9396,0.5,0.3,-0.8403575989782887
35,64,Male,Hyderabad,24,13.92,8,5,8412,0.3333333333333333,0.625,-0.7028055159296244
36,61,Female,Delhi,5,7.52,2,3,606,0.4,1.5,1.4752475247524752
37,20,Male,Delhi,34,7.73,8,3,9406,0.23529411764705882,0.375,-0.8405273229853285
38,54,Female,Hyderabad,6,13.86,2,7,4631,0.3333333333333333,3.5,-0.24422370978190455
39,24,Male,Mumbai,2,9.22,1,1,5443,0.5,1.0,-0.9081388939922836
40,38,Male,Bangalore,13,1.46,11,0,6742,0.8461538461538461,0.0,-1.0
41,26,Female,Delhi,11,13.78,9,2,7136,0.8181818181818182,0.2222222222222222,-0.8598654708520179
42,56,Male,Hyderabad,23,4.48,8,7,9106,0.34782608695652173,0.875,-0.6156380408521853
43,35,Female,Chennai,16,9.09,14,0,4346,0.875,0.0,-1.0
44,21,Male,Hyderabad,31,3.32,7,3,340,0.22580645161290322,0.42857142857142855,3.411764705882353
45,42,Female,Chennai,11,1.47,4,1,5082,0.36363636363636365,0.25,-0.9016135379771744
46,31,Male,Mumbai,16,5.36,10,4,6212,0.625,0.4,-0.6780424983902125
47,26,Female,Bangalore,8,11.93,1,1,1163,0.125,1.0,-0.5700773860705073
48,43,Male,Hyderabad,4,4.89,14,7,7351,3.5,0.5,-0.5238743028159434
49,19,Female,Pune,4,4.08,5,3,8764,1.25,0.6,-0.8288452761296212
50,37,Male,Delhi,25,3.98,7,1,3810,0.28,0.14285714285714285,-0.868766404199475
51,45,Female,Mumbai,3,8.21,4,6,7094,1.3333333333333333,1.5,-0.5771074147166619
52,64,Female,Hyderabad,32,14.66,15,1,7511,0.46875,0.06666666666666667,-0.9334309679137265
53,24,Female,Delhi,3,7.43,17,3,305,5.666666666666667,0.17647058823529413,3.918032786885246
54,61,Male,Hyderabad,27,8.8,5,5,5739,0.18518518518518517,1.0,-0.56438403903119
55,25,Female,Chennai,29,13.05,4,6,6987,0.13793103448275862,1.5,-0.5706311721769
56,64,Male,Hyderabad,32,8.49,15,1,2337,0.46875,0.06666666666666667,-0.7860504920838682
57,52,Female,Pune,19,3.58,12,2,4645,0.631578947368421,0.16666666666666666,-0.7847147470398278
58,31,Male,Hyderabad,21,5.19,4,2,3730,0.19047619047619047,0.5,-0.7319034852546917
59,34,Female,Hyderabad,5,5.34,12,1,1486,2.4,0.08333333333333333,-0.6635262449528937
60,53,Male,Pune,18,6.56,16,5,7252,0.8888888888888888,0.3125,-0.6552675124103695
61,57,Male,Mumbai,28,6.98,17,4,3854,0.6071428571428571,0.23529411764705882,-0.48105864037363777
62,21,Female,Hyderabad,22,12.2,7,3,7302,0.3181818181818182,0.42857142857142855,-0.7945768282662284
63,19,Male,Pune,21,5.89,12,2,2559,0.5714285714285714,0.16666666666666666,-0.6092223524814381
64,23,Male,Delhi,6,7.56,18,4,8305,3.0,0.2222222222222222,-0.7591812161348586
65,59,Female,Chennai,1,9.75,2,1,8836,2.0,0.5,-0.9434133091896786
66,21,Male,Chennai,5,6.29,7,7,6641,1.4,1.0,-0.4729709381117302
67,46,Male,Hyderabad,12,12.71,1,4,5247,0.08333333333333333,4.0,-0.6188298075090528
68,35,Male,Mumbai,26,9.22,7,6,8427,0.2692307692307692,0.8571428571428571,-0.644001423994304
69,43,Female,Mumbai,34,5.12,12,0,5403,0.35294117647058826,0.0,-1.0
70,61,Male,Delhi,14,11.0,12,2,9867,0.8571428571428571,0.16666666666666666,-0.898652072565116
71,51,Female,Hyderabad,26,8.39,0,1,1998,0.0,1.0,-0.7497497497497497
72,27,Male,Chennai,27,8.48,5,7,9800,0.18518518518518517,1.4,-0.6428571428571429
73,53,Male,Mumbai,9,7.74,18,3,5491,2.0,0.16666666666666666,-0.7268257148060463
74,31,Male,Hyderabad,26,7.96,15,7,5695,0.5769230769230769,0.4666666666666667,-0.3854258121158911
75,48,Female,Mumbai,22,11.71,7,5,6484,0.3181818181818182,0.7142857142857143,-0.6144355336212215
76,32,Male,Pune,30,2.44,0,6,7485,0.0,6.0,-0.5991983967935872
77,25,Male,Mumbai,17,5.68,15,1,1500,0.8823529411764706,0.06666666666666667,-0.6666666666666666
78,31,Female,Chennai,26,2.06,8,3,7069,0.3076923076923077,0.375,-0.7878059131418871
79,40,Male,Bangalore,36,11.55,12,5,9635,0.3333333333333333,0.4166666666666667,-0.7405293201868189
80,57,Female,Delhi,1,4.81,10,5,3297,10.0,0.5,-0.24173491052471943
81,38,Female,Delhi,8,13.56,12,1,4816,1.5,0.08333333333333333,-0.8961794019933554
82,33,Male,Chennai,35,8.37,9,6,209,0.2571428571428571,0.6666666666666666,13.354066985645932
83,62,Female,Mumbai,15,12.21,3,4,5952,0.2,1.3333333333333333,-0.6639784946236559
84,35,Male,Hyderabad,22,14.71,5,4,6495,0.22727272727272727,0.8,-0.6920708237105466
85,64,Female,Mumbai,14,12.76,6,5,5015,0.42857142857142855,0.8333333333333334,-0.5014955134596212
86,41,Female,Chennai,26,13.14,4,4,1272,0.15384615384615385,1.0,0.5723270440251572
87,43,Male,Delhi,28,6.71,10,0,3425,0.35714285714285715,0.0,-1.0
88,42,Female,Mumbai,23,8.72,12,5,1516,0.5217391304347826,0.4166666666666667,0.6490765171503958
89,62,Female,Delhi,14,4.55,18,5,5899,1.2857142857142858,0.2777777777777778,-0.5761993558230208
90,58,Female,Hyderabad,24,3.75,9,3,7007,0.375,0.3333333333333333,-0.7859283573569288
91,46,Female,Delhi,2,8.08,9,4,6874,4.5,0.4444444444444444,-0.7090485888856561
92,32,Female,Delhi,26,9.33,10,6,3883,0.38461538461538464,0.6,-0.22740149369044554
93,62,Male,Bangalore,14,5.75,6,5,7427,0.42857142857142855,0.8333333333333334,-0.6633903325703514
94,18,Female,Bangalore,7,8.97,17,7,3473,2.4285714285714284,0.4117647058823529,0.007774258566081198
95,42,Male,Pune,3,13.42,3,6,7200,1.0,2.0,-0.5833333333333334
96,24,Female,Bangalore,23,8.79,1,0,345,0.043478260869565216,0.0,-1.0
97,26,Male,Delhi,18,11.09,13,3,5210,0.7222222222222222,0.23076923076923078,-0.7120921305182342
98,41,Male,Chennai,38,12.27,12,1,3240,0.3157894736842105,0.08333333333333333,-0.845679012345679
99,18,Female,Delhi,35,14.84,11,6,9854,0.3142857142857143,0.5454545454545454,-0.6955551045260808
100,61,Female,Chennai,15,9.44,6,5,9976,0.4,0.8333333333333334,-0.7493985565356857
101,25,Female,Chennai,25,12.3,1,0,682,0.04,0.0,-1.0
102,41,Male,Bangalore,37,14.48,12,2,3379,0.32432432432432434,0.16666666666666666,-0.7040544539804676
103,28,Female,Mumbai,28,14.22,13,0,1449,0.4642857142857143,0.0,-1.0
104,34,Male,Hyderabad,10,2.98,16,0,830,1.6,0.0,-1.0
105,25,Male,Bangalore,39,6.69,8,3,9053,0.20512820512820512,0.375,-0.8343090688169668
106,52,Male,Bangalore,17,5.54,16,1,3052,0.9411764705882353,0.0625,-0.836173001310616
107,52,Female,Mumbai,39,2.22,7,2,1187,0.1794871794871795,0.2857142857142857,-0.15754001684919966
108,50,Female,Hyderabad,22,9.87,1,4,7822,0.045454545454545456,4.0,-0.7443109179238047
109,22,Male,Delhi,26,11.3,12,4,7527,0.46153846153846156,0.3333333333333333,-0.7342898897303043
110,59,Male,Pune,25,12.87,2,6,9938,0.08,3.0,-0.6981283960555443
111,56,Female,Pune,17,2.72,15,0,9041,0.8823529411764706,0.0,-1.0
112,58,Male,Delhi,13,13.27,5,7,9360,0.38461538461538464,1.4,-0.6260683760683761
113,45,Female,Bangalore,20,10.0,18,3,1300,0.9,0.16666666666666666,0.15384615384615385
114,24,Male,Hyderabad,25,10.86,6,7,6852,0.24,1.1666666666666667,-0.4892002335084647
115,26,Female,Bangalore,4,13.75,9,3,8832,2.25,0.3333333333333333,-0.8301630434782609
116,25,Male,Chennai,10,9.75,8,4,7621,0.8,0.5,-0.7375672483925994
117,29,Female,Bangalore,3,5.7,1,6,5216,0.3333333333333333,6.0,-0.42484662576687116
118,51,Male,Bangalore,18,12.55,14,6,969,0.7777777777777778,0.42857142857142855,2.0959752321981426
119,50,Female,Delhi,36,6.08,4,6,1543,0.1111111111111111,1.5,0.9442644199611148
120,40,Female,Delhi,22,1.48,3,2,4558,0.13636363636363635,0.6666666666666666,-0.7806055287406757
121,41,Male,Delhi,34,12.63,19,1,9969,0.5588235294117647,0.05263157894736842,-0.949844518005818
122,54,Male,Pune,8,5.83,3,2,6980,0.375,0.6666666666666666,-0.8567335243553008
123,52,Female,Chennai,19,11.83,17,5,6802,0.8947368421052632,0.29411764705882354,-0.6324610408703323
124,61,Male,Delhi,37,6.08,3,5,2549,0.08108108108108109,1.6666666666666667,-0.01922322479403688
125,57,Female,Hyderabad,6,13.05,16,7,5899,2.6666666666666665,0.4375,-0.4066790981522292
126,39,Male,Pune,26,4.07,11,1,1441,0.4230769230769231,0.09090909090909091,-0.6530187369882027
127,44,Female,Mumbai,34,14.64,16,4,1325,0.47058823529411764,0.25,0.5094339622641509
128,52,Female,Hyderabad,6,11.92,9,1,9582,1.5,0.1111111111111111,-0.9478188269672302
129,18,Female,Hyderabad,37,2.6,0,3,6964,0.0,3.0,-0.784606547960942
130,52,Female,Delhi,33,8.92,17,5,5301,0.5151515151515151,0.29411764705882354,-0.5283908696472364
131,54,Female,Mumbai,22,14.8,17,0,8043,0.7727272727272727,0.0,-1.0
132,64,Female,Mumbai,21,7.59,13,0,272,0.6190476190476191,0.0,-1.0
133,31,Male,Pune,6,3.55,14,4,5672,2.3333333333333335,0.2857142857142857,-0.6473906911142454
134,20,Male,Mumbai,6,7.79,11,3,5389,1.8333333333333333,0.2727272727272727,-0.721655223603637
135,18,Male,Chennai,4,8.17,3,7,2672,0.75,2.3333333333333335,0.30988023952095806
136,22,Female,Delhi,30,11.38,2,2,907,0.06666666666666667,1.0,0.10253583241455347
137,43,Female,Mumbai,11,10.78,19,3,2004,1.7272727272727273,0.15789473684210525,-0.25149700598802394
138,31,Female,Pune,30,6.64,11,0,6904,0.36666666666666664,0.0,-1.0
139,56,Female,Chennai,31,4.05,6,0,3913,0.1935483870967742,0.0,-1.0
140,44,Male,Bangalore,24,10.03,10,7,5251,0.4166666666666667,0.7,-0.33346029327747095
141,26,Male,Bangalore,9,6.9,0,5,2675,0.0,5.0,-0.06542056074766354
142,32,Female,Chennai,3,2.85,5,3,3810,1.6666666666666667,0.6,-0.6062992125984252
143,32,Male,Pune,31,13.61,14,3,4455,0.45161290322580644,0.21428571428571427,-0.6632996632996633
144,43,Male,Chennai,37,10.68,14,0,7597,0.3783783783783784,0.0,-1.0
145,59,Female,Delhi,36,10.56,18,2,1935,0.5,0.1111111111111111,-0.48320413436692505
146,30,Male,Delhi,24,12.52,10,4,9977,0.4166666666666667,0.4,-0.7995389395609903
147,49,Female,Bangalore,31,8.42,1,6,8458,0.03225806451612903,6.0,-0.6453062189642942
148,56,Male,Mumbai,6,12.41,13,4,8179,2.1666666666666665,0.3076923076923077,-0.7554713290133268
149,49,Female,Pune,2,7.97,1,3,2628,0.5,3.0,-0.4292237442922374
150,21,Female,Bangalore,20,1.94,3,4,7626,0.15,1.3333333333333333,-0.7377393128769998
151,47,Female,Mumbai,28,6.67,16,0,8733,0.5714285714285714,0.0,-1.0
152,54,Female,Mumbai,11,7.96,2,0,5449,0.18181818181818182,0.0,-1.0
153,40,Male,Delhi,4,11.08,12,7,5491,3.0,0.5833333333333334,-0.36259333454744125
154,56,Female,Hyderabad,15,2.49,8,3,3017,0.5333333333333333,0.375,-0.5028173682466026
155,62,Female,Hyderabad,6,2.96,6,7,9624,1.0,1.1666666666666667,-0.6363258520365752
156,32,Female,Chennai,30,4.69,14,3,4074,0.4666666666666667,0.21428571428571427,-0.6318114874815906
157,60,Male,Delhi,38,4.73,10,6,9886,0.2631578947368421,0.6,-0.696540562411491
158,46,Female,Mumbai,2,11.25,19,6,4411,9.5,0.3157894736842105,-0.31988211289956925
159,53,Male,Pune,15,4.51,1,5,861,0.06666666666666667,5.0,1.9036004645760742
160,30,Female,Hyderabad,11,9.86,14,3,3574,1.2727272727272727,0.21428571428571427,-0.5803021824286514
161,49,Male,Mumbai,8,7.92,13,2,9408,1.625,0.15384615384615385,-0.8937074829931972
162,24,Male,Hyderabad,26,9.03,19,4,407,0.7307692307692307,0.21052631578947367,3.914004914004914
163,39,Female,Hyderabad,5,12.73,10,3,2865,2.0,0.3,-0.47643979057591623
164,45,Male,Hyderabad,6,6.66,2,1,2693,0.3333333333333333,0.5,-0.8143334571110286
165,19,Female,Pune,26,11.79,16,5,7013,0.6153846153846154,0.3125,-0.6435191786681876
166,59,Female,Delhi,4,6.91,11,1,832,2.75,0.09090909090909091,-0.39903846153846156
167,62,Female,Pune,19,5.95,14,0,3283,0.7368421052631579,0.0,-1.0
168,23,Male,Bangalore,20,14.42,15,6,3919,0.75,0.4,-0.2344985965807604
169,45,Male,Mumbai,33,3.58,4,4,7323,0.12121212121212122,1.0,-0.7268878874778096
170,45,Female,Delhi,20,2.26,19,3,1879,0.95,0.15789473684210525,-0.2017030335284726
171,61,Female,Delhi,12,11.79,5,1,436,0.4166666666666667,0.2,0.14678899082568808
172,61,Male,Delhi,1,1.96,18,4,7646,18.0,0.2222222222222222,-0.7384253204289825
173,37,Female,Delhi,26,12.72,4,0,4643,0.15384615384615385,0.0,-1.0
174,47,Female,Pune,14,7.12,2,6,6970,0.14285714285714285,3.0,-0.569583931133429
175,28,Female,Delhi,38,13.82,0,2,9932,0.0,2.0,-0.8993153443415224
176,45,Male,Chennai,37,11.1,5,5,6299,0.13513513513513514,1.0,-0.6031116050166693
177,42,Male,Mumbai,11,9.55,14,4,8755,1.2727272727272727,0.2857142857142857,-0.7715591090805254
178,56,Male,Delhi,36,14.29,1,4,2568,0.027777777777777776,4.0,-0.22118380062305296
179,50,Female,Mumbai,13,6.55,2,2,485,0.15384615384615385,1.0,1.0618556701030928
180,18,Female,Chennai,3,14.36,16,4,348,5.333333333333333,0.25,4.747126436781609
181,44,Female,Chennai,33,2.89,11,0,4237,0.3333333333333333,0.0,-1.0
182,30,Male,Mumbai,6,7.77,17,0,6749,2.8333333333333335,0.0,-1.0
183,58,Female,Hyderabad,10,4.78,14,2,7321,1.4,0.14285714285714285,-0.863406638437372
184,20,Female,Bangalore,5,8.56,11,5,5095,2.2,0.45454545454545453,-0.5093228655544652
185,56,Female,Hyderabad,23,3.27,15,3,5480,0.6521739130434783,0.2,-0.7262773722627737
186,23,Female,Hyderabad,10,12.78,7,1,1212,0.7,0.14285714285714285,-0.5874587458745875
187,25,Male,Pune,2,12.85,13,3,9915,6.5,0.23076923076923078,-0.848714069591528
188,44,Male,Hyderabad,13,14.37,16,4,2985,1.2307692307692308,0.25,-0.32998324958123953
189,26,Female,Delhi,2,3.17,7,1,3925,3.5,0.14285714285714285,-0.8726114649681529
190,54,Male,Pune,20,9.73,14,7,4776,0.7,0.5,-0.26716917922948075
191,50,Male,Pune,1,7.64,13,2,5982,13.0,0.15384615384615385,-0.8328318288197927
192,59,Female,Chennai,37,5.82,17,2,6457,0.4594594594594595,0.11764705882352941,-0.845129317020288
193,61,Female,Hyderabad,9,5.92,19,5,9993,2.111111111111111,0.2631578947368421,-0.7498248774141899
194,41,Male,Chennai,17,6.78,6,1,2608,0.35294117647058826,0.16666666666666666,-0.808282208588957
195,32,Female,Mumbai,9,10.87,2,0,540,0.2222222222222222,0.0,-1.0
196,49,Male,Bangalore,11,9.38,11,1,3017,1.0,0.09090909090909091,-0.8342724560822009
197,49,Female,Pune,15,7.44,2,4,2696,0.13333333333333333,2.0,-0.258160237388724
198,41,Male,Mumbai,24,2.06,19,0,6162,0.7916666666666666,0.0,-1.0
199,58,Female,Mumbai,38,2.09,13,6,5499,0.34210526315789475,0.46153846153846156,-0.45444626295690127
200,29,Male,Delhi,35,1.03,14,6,7774,0.4,0.42857142857142855,-0.6140982763056342
201,56,Male,Bangalore,30,14.55,13,7,1889,0.43333333333333335,0.5384615384615384,0.8528321863419799
202,19,Male,Mumbai,31,1.07,6,6,3467,0.1935483870967742,1.0,-0.13469858667435824
203,20,Female,Mumbai,5,2.44,16,2,4606,3.2,0.125,-0.7828918801563178
204,54,Male,Bangalore,14,5.4,11,1,8653,0.7857142857142857,0.09090909090909091,-0.9422165722870681
205,34,Male,Bangalore,11,12.3,19,6,1642,1.7272727272727273,0.3157894736842105,0.8270401948842875
206,19,Female,Mumbai,9,14.47,3,3,8797,0.3333333333333333,1.0,-0.8294873252245084
207,19,Female,Bangalore,34,12.06,8,5,4637,0.23529411764705882,0.625,-0.46085831356480483
208,45,Male,Mumbai,12,10.67,5,3,5635,0.4166666666666667,0.6,-0.7338065661047027
209,40,Male,Mumbai,35,8.3,15,6,8635,0.42857142857142855,0.4,-0.6525767226404169
210,54,Female,Delhi,35,2.21,1,7,4307,0.02857142857142857,7.0,-0.187369398653355
211,49,Female,Hyderabad,1,14.41,7,5,760,7.0,0.7142857142857143,2.289473684210526
212,50,Female,Mumbai,22,11.62,10,4,8985,0.45454545454545453,0.4,-0.7774067890929327
213,18,Female,Chennai,29,9.95,12,3,5748,0.41379310344827586,0.25,-0.7390396659707724
214,36,Female,Pune,8,11.63,16,7,2026,2.0,0.4375,0.7275419545903258
215,19,Male,Hyderabad,11,11.14,7,1,7829,0.6363636363636364,0.14285714285714285,-0.9361348831268361
216,61,Female,Hyderabad,37,9.92,17,1,8525,0.4594594594594595,0.058823529411764705,-0.9413489736070382
217,43,Male,Hyderabad,14,14.73,17,3,3338,1.2142857142857142,0.17647058823529413,-0.5506291192330737
218,49,Male,Delhi,30,13.65,13,6,7893,0.43333333333333335,0.46153846153846156,-0.6199163816039529
219,23,Male,Mumbai,35,10.05,14,7,8464,0.4,0.5,-0.5864839319470699
220,49,Female,Delhi,21,10.7,5,1,8042,0.23809523809523808,0.2,-0.9378264113404625
221,21,Male,Mumbai,37,1.72,10,4,6921,0.2702702702702703,0.4,-0.7110244184366421
222,28,Male,Delhi,5,10.38,12,0,7202,2.4,0.0,-1.0
223,34,Female,Delhi,19,1.62,0,6,4425,0.0,6.0,-0.3220338983050847
224,55,Male,Pune,14,9.24,5,7,3178,0.35714285714285715,1.4,0.1013215859030837
225,41,Male,Chennai,26,14.99,8,4,7573,0.3076923076923077,0.5,-0.7359038690083191
226,22,Female,Delhi,4,8.78,7,7,6107,1.75,1.0,-0.42688717864745374
227,51,Male,Pune,25,7.62,10,5,6297,0.4,0.5,-0.6029855486739717
228,23,Male,Bangalore,25,5.38,18,4,5856,0.72,0.2222222222222222,-0.6584699453551912
229,39,Male,Chennai,18,2.69,8,6,9184,0.4444444444444444,0.75,-0.6733449477351916
230,28,Female,Delhi,8,11.23,16,5,4459,2.0,0.3125,-0.4393361740300516
231,33,Female,Hyderabad,39,3.7,11,6,8486,0.28205128205128205,0.5454545454545454,-0.6464765496111242
232,50,Female,Bangalore,14,2.61,13,1,6101,0.9285714285714286,0.07692307692307693,-0.918046221930831
233,26,Male,Bangalore,32,6.9,14,0,9525,0.4375,0.0,-1.0
234,23,Male,Pune,38,12.13,15,6,5117,0.39473684210526316,0.4,-0.41371897596247803
235,33,Female,Bangalore,33,11.43,19,6,8629,0.5757575757575758,0.3157894736842105,-0.6523351489164445
236,46,Male,Chennai,23,1.77,0,1,2730,0.0,1.0,-0.8168498168498168
237,20,Male,Delhi,15,7.37,9,2,2160,0.6,0.2222222222222222,-0.5370370370370371
238,37,Female,Delhi,33,8.31,7,1,7245,0.21212121212121213,0.14285714285714285,-0.9309868875086267
239,53,Female,Hyderabad,25,10.02,17,5,1248,0.68,0.29411764705882354,1.0032051282051282
240,36,Male,Pune,17,10.1,0,1,5972,0.0,1.0,-0.9162759544541192
241,43,Male,Hyderabad,33,6.11,1,1,2729,0.030303030303030304,1.0,-0.8167827042872847
242,20,Male,Bangalore,2,8.85,0,0,3164,0.0,0.0,-1.0
243,36,Female,Hyderabad,14,7.73,0,1,7337,0.0,1.0,-0.9318522556903367
244,37,Female,Chennai,39,13.39,8,7,1163,0.20512820512820512,0.875,2.0094582975064488
245,49,Female,Delhi,6,8.42,12,6,736,2.0,0.5,3.0760869565217392
246,24,Female,Bangalore,6,7.17,0,7,7540,0.0,7.0,-0.5358090185676393
247,58,Male,Hyderabad,3,6.66,12,0,7379,4.0,0.0,-1.0
248,50,Female,Pune,7,9.01,19,3,8167,2.7142857142857144,0.15789473684210525,-0.816334027182564
249,57,Female,Chennai,8,12.26,6,2,8934,0.75,0.3333333333333333,-0.8880680546227894
250,56,Female,Chennai,15,8.54,1,7,1045,0.06666666666666667,7.0,2.349282296650718
251,35,Female,Hyderabad,29,10.26,5,0,5977,0.1724137931034483,0.0,-1.0
252,57,Female,Delhi,33,11.33,6,5,3236,0.18181818181818182,0.8333333333333334,-0.22744128553770088
253,18,Male,Hyderabad,30,8.28,13,3,6147,0.43333333333333335,0.23076923076923078,-0.7559785261102977
254,28,Male,Bangalore,39,6.98,17,0,2694,0.4358974358974359,0.0,-1.0
255,45,Female,Hyderabad,27,13.27,14,0,2919,0.5185185185185185,0.0,-1.0
256,42,Male,Chennai,36,6.85,1,2,2084,0.027777777777777776,2.0,-0.5201535508637236
257,40,Female,Hyderabad,29,7.47,9,6,4549,0.3103448275862069,0.6666666666666666,-0.3405143987689602
258,48,Female,Delhi,38,14.86,11,7,5379,0.2894736842105263,0.6363636363636364,-0.3493214352110058
259,47,Male,Pune,33,1.0,16,5,6810,0.48484848484848486,0.3125,-0.6328928046989721
260,59,Male,Mumbai,37,3.6,7,4,6630,0.1891891891891892,0.5714285714285714,-0.698340874811463
261,52,Female,Hyderabad,27,6.38,10,7,7354,0.37037037037037035,0.7,-0.5240685341310851
262,24,Female,Delhi,33,14.06,2,4,6688,0.06060606060606061,2.0,-0.7009569377990431
263,33,Female,Delhi,4,1.98,5,0,4937,1.25,0.0,-1.0
264,43,Male,Pune,22,1.13,8,1,6725,0.36363636363636365,0.125,-0.9256505576208178
265,19,Female,Chennai,2,1.74,5,5,4050,2.5,1.0,-0.38271604938271603
266,18,Female,Delhi,10,2.24,8,3,889,0.8,0.375,0.6872890888638921
267,29,Female,Delhi,5,1.53,6,1,5375,1.2,0.16666666666666666,-0.9069767441860465
268,22,Male,Delhi,10,7.72,8,1,8848,0.8,0.125,-0.9434900542495479
269,54,Female,Delhi,33,9.13,17,7,5278,0.5151515151515151,0.4117647058823529,-0.33687002652519893
270,49,Female,Bangalore,38,4.8,11,5,5648,0.2894736842105263,0.45454545454545453,-0.5573654390934845
271,26,Male,Bangalore,13,6.58,7,6,1379,0.5384615384615384,0.8571428571428571,1.175489485134155
272,58,Female,Chennai,31,2.28,7,0,9274,0.22580645161290322,0.0,-1.0
273,52,Female,Hyderabad,36,5.71,17,0,6606,0.4722222222222222,0.0,-1.0
274,36,Male,Delhi,24,8.32,19,0,8791,0.7916666666666666,0.0,-1.0
275,33,Female,Pune,15,11.25,14,0,7107,0.9333333333333333,0.0,-1.0
276,20,Male,Hyderabad,29,1.05,6,7,9000,0.20689655172413793,1.1666666666666667,-0.6111111111111112
277,37,Male,Pune,8,7.54,10,4,1838,1.25,0.4,0.088139281828074
278,41,Female,Hyderabad,5,5.16,19,0,5871,3.8,0.0,-1.0
279,50,Female,Chennai,29,12.94,15,4,7128,0.5172413793103449,0.26666666666666666,-0.7194163860830527
280,41,Female,Delhi,4,11.02,3,4,1582,0.75,1.3333333333333333,0.26422250316055623
281,28,Female,Delhi,12,9.25,5,6,1603,0.4166666666666667,1.2,0.8714909544603868
282,25,Male,Mumbai,2,4.88,2,0,9211,1.0,0.0,-1.0
283,53,Female,Pune,27,13.74,8,2,3492,0.2962962962962963,0.25,-0.713631156930126
284,55,Male,Hyderabad,31,1.63,9,3,9211,0.2903225806451613,0.3333333333333333,-0.8371512322223429
285,57,Female,Hyderabad,36,2.53,13,1,619,0.3611111111111111,0.07692307692307693,-0.19224555735056542
286,37,Female,Bangalore,36,6.48,10,4,4717,0.2777777777777778,0.4,-0.576001695993216
287,52,Female,Mumbai,26,2.74,17,5,3502,0.6538461538461539,0.29411764705882354,-0.28612221587664194
288,42,Male,Bangalore,27,14.39,11,5,8057,0.4074074074074074,0.45454545454545453,-0.6897108104753631
289,52,Female,Bangalore,5,12.17,11,3,9900,2.2,0.2727272727272727,-0.8484848484848485
290,42,Female,Bangalore,20,4.63,12,5,8070,0.6,0.4166666666666667,-0.6902106567534076
291,46,Female,Pune,11,9.24,12,2,5893,1.0909090909090908,0.16666666666666666,-0.8303071440692347
292,35,Female,Pune,10,14.75,18,5,967,1.8,0.2777777777777778,1.5853154084798344
293,63,Male,Chennai,38,13.38,18,1,2244,0.47368421052631576,0.05555555555555555,-0.7771836007130125
294,35,Female,Chennai,6,9.41,13,1,1749,2.1666666666666665,0.07692307692307693,-0.7141223556317896
295,19,Male,Bangalore,8,13.65,3,4,6340,0.375,1.3333333333333333,-0.6845425867507886
296,52,Male,Mumbai,23,14.85,12,0,3916,0.5217391304347826,0.0,-1.0
297,33,Male,Hyderabad,26,11.41,7,6,4681,0.2692307692307692,0.8571428571428571,-0.35911130100405897
298,58,Male,Pune,12,1.91,18,2,8098,1.5,0.1111111111111111,-0.8765127191899235
299,53,Male,Mumbai,26,6.62,11,4,6748,0.4230769230769231,0.36363636363636365,-0.7036158861885004
300,50,Male,Delhi,13,12.73,17,2,2493,1.3076923076923077,0.11764705882352941,-0.5988768551945447
